Wall time,Step,Value
1774154287.4890220,2048,-32.20859900000000
1774154290.8966739,4096,-34.65232800000000
1774154291.8221760,6144,-35.82098400000000
1774154293.2586379,8192,-31.289038000000001
1774154294.8470600,10240,-26.115047000000001
1774154296.4616630,12288,-21.02324700000000
1774154298.0197999,14336,-19.27498400000000
1774154299.6130960,16384,-9.310307999999999
1774154301.217148,18432,-3.789330000000000
1774154302.199825,20480,3.6824230000000000
1774154303.7670939,22528,11.949026000000000
1774154305.3536091,24576,20.407630999999999
1774154306.5064361,26624,28.909303999999999
1774154307.2044711,28672,35.867271000000002
1774154308.1583929,30720,40.53763200000000
1774154309.799223,32768,49.54991100000000
1774154310.7582409,34816,58.1542850000000
1774154311.5334251,36864,67.93761400000000
1774154312.1559839,38912,76.6727070000000
1774154312.907191,40960,85.53511800000000
1774154313.5124390,43008,95.57074000000000
1774154314.1889651,45056,107.5541760000000
1774154314.892298,47104,118.81413999999999
1774154315.8153970,49152,128.6324920000000
1774154316.8008101,51200,139.23074299999999
1774154317.9512510,53248,151.4842070000000
1774154319.5338490,55296,164.2569580000000
1774154320.5772891,57344,173.70040900000001
1774154321.700644,59392,178.5589140000000
1774154322.340159,61440,191.83396900000000
1774154322.8814681,63488,212.63990799999999
1774154323.691021,65536,223.48751799999999
1774154324.3709919,67584,238.9893340000000
1774154324.9933159,69632,252.51890599999999
1774154325.937014,71680,268.3940730000000
1774154326.595783,73728,282.4785460000000
1774154327.3567750,75776,297.8360900000000
1774154328.3525040,77824,312.3534240000000
1774154329.0827661,79872,327.96527099999997
1774154329.8233070,81920,342.96728500000
1774154330.8563120,83968,357.7337950000000
1774154331.4423470,86016,375.6004940000000
1774154332.1593330,88064,392.53900099999998
1774154332.7264071,90112,404.98272700000001
1774154333.3405650,92160,417.9201350000000
1774154334.098473,94208,431.0947270000
1774154335.0739269,96256,441.49713100000002
1774154335.779546,98304,437.79925500000002
1774154336.411748,100352,448.85693400000
1774154337.2581210,102400,458.3020940000000
1774154337.7733009,104448,480.9498600000000
1774154338.3099370,106496,493.85882600000002
1774154339.0432889,108544,507.9267880000000
1774154339.6115630,110592,517.0254520000000
1774154340.2800050,112640,529.3217160000000
1774154341.137492,114688,540.843018000000
1774154341.743476,116736,553.8173220000000
1774154342.4432471,118784,567.9869380000000
1774154343.010466,120832,588.0047000000000
1774154343.5896089,122880,594.95947300000
1774154344.4912400,124928,604.1264040000000
1774154345.3250830,126976,615.6163940000000
1774154345.9265330,129024,625.1304930000000
1774154346.715541,131072,637.1193240000000
1774154347.3697870,133120,654.0948490000000
1774154348.4310930,135168,661.233643000000
1774154349.0842350,137216,649.69921900
1774154349.771474,139264,647.1771850000000
1774154350.4901581,141312,661.4813840000000
1774154351.414524,143360,674.2792360000000
1774154352.1149721,145408,689.9052730000
1774154352.7079909,147456,709.768311000000
1774154353.6505530,149504,729.6357420000
1774154354.1967180,151552,738.4264530000000
1774154354.9930880,153600,748.7206420000000
1774154355.5949161,155648,755.5940550000000
1774154356.1374359,157696,767.6831670000000
1774154356.8696890,159744,771.72802700000
1774154357.5019650,161792,777.5487060000000
1774154358.1109951,163840,782.2177730000
1774154359.1142440,165888,789.0868530000000
1774154360.0801649,167936,797.32421900
1774154360.6071360,169984,805.37255900000
1774154361.2314529,172032,811.274170000000
1774154362.0050850,174080,811.4927370000000
1774154362.6021719,176128,812.5147710000000
1774154363.151226,178176,816.8896480000
1774154363.712969,180224,823.9725950000000
1774154364.9791341,182272,837.0183720000000
1774154365.6221681,184320,841.7804570000000
1774154366.4617169,186368,851.3060300000000
1774154367.0508759,188416,872.1532590000000
1774154367.6643989,190464,885.7556760000000
1774154368.2457290,192512,894.9652100000000
1774154368.9157779,194560,894.1513060000000
1774154369.4709749,196608,897.136475000000
1774154370.0535550,198656,902.9793089999999
1774154370.7085869,200704,907.8565060000000
1774154371.7347810,202752,910.8013310000000
1774154372.591348,204800,914.1203000000000
1774154373.3420069,206848,918.97314500000
1774154374.024889,208896,920.664795000000
1774154374.6221271,210944,924.91943400000
1774154375.248717,212992,929.643311000000
1774154375.9064169,215040,933.6504520000000
1774154376.504228,217088,937.4022220000001
1774154377.1543970,219136,942.1993410000000
1774154377.7466960,221184,947.8861080000000
1774154378.323285,223232,948.7821660000000
1774154378.874079,225280,949.8198850000000
1774154379.7407939,227328,953.3574830000000
1774154380.3237021,229376,971.52587900000
1774154381.1344740,231424,1005.3822630000000
1774154381.7386041,233472,1027.908936000000
1774154382.6446970,235520,1021.9470830000000
1774154383.803846,237568,1022.9158330000000
1774154384.8860121,239616,1028.345703000
1774154385.6447639,241664,1033.5482179999999
1774154386.6931870,243712,1037.98046900
1774154387.7287569,245760,1042.15966800000
1774154388.2711589,247808,1051.675049000000
1774154388.9370050,249856,1049.635498000000
1774154390.294695,251904,1048.54834000000
1774154391.262068,253952,1051.0709230000000
1774154392.6181641,256000,1061.2369380000000
1774154393.2275419,258048,1064.9547120000000
1774154393.9140480,260096,1070.2646480000
1774154394.49311,262144,1070.9041749999999
1774154395.2713511,264192,1073.0091550000000
1774154395.8987789,266240,1046.4783940000000
1774154396.9047599,268288,1043.02490200000
1774154398.2658801,270336,1034.371338000000
1774154399.0252931,272384,1030.3807370000000
1774154400.014986,274432,1036.28173800000
1774154400.8172550,276480,1029.4744870000000
1774154401.7475359,278528,1036.032959000000
1774154402.9420741,280576,1041.8524170000001
1774154403.817666,282624,1049.3748780000001
1774154404.9257460,284672,1056.9891359999999
1774154405.6269400,286720,1056.4090580000000
1774154406.1896789,288768,1061.8873289999999
1774154406.8163249,290816,1067.3714600000001
1774154407.3861401,292864,1066.76318400000
1774154408.001492,294912,1072.0997310000000
1774154408.8363831,296960,1068.5223390000001
1774154409.593646,299008,1068.3114009999999
1774154410.892529,301056,1024.980225000000
1774154411.9265139,303104,982.5826420000000
1774154413.4924581,305152,963.0558470000000
1774154415.101703,307200,955.337891000
1774154416.7018659,309248,955.208984000
1774154417.3635509,311296,969.6085210000000
1774154417.9426210,313344,998.1408080000000
1774154418.9684019,315392,1002.091797000
1774154419.579399,317440,1008.314697000000
1774154420.4585400,319488,1016.2698970000000
1774154421.671972,321536,1027.325439000000
1774154422.280457,323584,1033.6617429999999
1774154422.808681,325632,1043.0714109999999
1774154423.4017370,327680,1053.94091800000
1774154423.9139230,329728,1065.0675050000000
1774154424.4262040,331776,1060.5640870000000
1774154425.9854760,333824,1056.787354000000
1774154426.8434210,335872,1069.2291260000000
1774154427.556329,337920,1073.115234000
1774154428.2621081,339968,1083.5682370000000
1774154428.9349160,342016,1095.2657469999999
1774154429.4957130,344064,1117.7142329999999
1774154430.290683,346112,1149.31884800000
1774154431.89207,348160,1158.0537110000
1774154433.545542,350208,1171.622314000000
1774154434.2295260,352256,1194.715576000000
1774154435.0044711,354304,1201.8736570000001
1774154435.8317890,356352,1222.89306600000
1774154437.481836,358400,1236.2020259999999
1774154438.3057520,360448,1242.537842000000
1774154438.8858840,362496,1238.442627000000
1774154439.7497079,364544,1113.2523189999999
1774154440.3119099,366592,999.0030520000000
1774154441.3348639,368640,971.2271120000000
1774154442.3396029,370688,961.8863530000000
1774154443.8858800,372736,950.7523190000001
1774154444.868823,374784,965.111328000
1774154446.4840560,376832,928.7271120000000
1774154448.092832,378880,933.1434330000000
1774154449.7122791,380928,921.9411010000000
1774154450.732561,382976,923.9187620000000
1774154451.641413,385024,942.137939000000
1774154452.5755441,387072,923.7095340000000
1774154454.1787751,389120,925.0586550000000
1774154455.3823891,391168,900.5484010000000
1774154457.007848,393216,921.7037350000001
1774154457.8965011,395264,937.6085820000000
1774154458.7580030,397312,937.5227660000000
1774154459.587962,399360,944.831299000000
1774154460.137083,401408,927.97021500000
1774154460.706087,403456,925.3624270000000
1774154461.686028,405504,926.5065310000000
1774154463.2804930,407552,928.0089110000000
1774154464.855923,409600,945.239502000000
1774154466.4877720,411648,945.3603520000
1774154467.397123,413696,945.6561890000000
1774154468.0849400,415744,946.6932980000000
1774154469.0959711,417792,945.7398070000000
1774154470.1118009,419840,947.1629030000000
1774154471.6805191,421888,947.6656490000000
1774154473.2533040,423936,966.3961180000000
1774154474.8897080,425984,965.6619870000000
1774154476.5026331,428032,1001.1285400000000
1774154478.1090760,430080,1036.001709000000
1774154479.7616551,432128,1070.0662840000000
1774154481.4060259,434176,1103.8277590000000
1774154483.040997,436224,1155.299072000000
1774154483.745581,438272,1190.2633060000001
1774154485.3651190,440320,1225.7125240000000
1774154487.0153370,442368,1261.122314000000
1774154488.0161681,444416,1295.5174560000000
1774154489.0252409,446464,1329.390869000000
1774154490.0309510,448512,1363.71826200000
1774154491.04058,450560,1397.51611300000
1774154492.0411201,452608,1431.427979000000
1774154493.6486621,454656,1464.51611300000
1774154495.3043511,456704,1482.1593020000000
1774154496.339964,458752,1487.7320560000001
1774154497.375045,460800,1523.724365000000
1774154498.412489,462848,1526.7757570000001
1774154499.4449990,464896,1545.8472899999999
1774154500.47114,466944,1579.861572000000
1774154501.5059180,468992,1583.128174000000
1774154502.5424230,471040,1584.112061000000
1774154503.5834479,473088,1601.890381000000
1774154504.606109,475136,1601.9697270000
1774154505.610064,477184,1602.399658000000
1774154506.6145959,479232,1606.1591800000
1774154507.6283031,481280,1622.9991460000001
1774154508.633915,483328,1623.107422000
1774154510.1994109,485376,1658.9281010000000
1774154511.7614460,487424,1661.31103500000
1774154513.3314271,489472,1660.0679929999999
1774154514.9175370,491520,1661.39794900000
1774154515.8925309,493568,1661.469482000000
1774154517.4686980,495616,1662.99462900000
1774154518.4465389,497664,1682.2767329999999
1774154519.4180341,499712,1684.9307859999999
1774154520.4101400,501760,1686.76513700000
